200	1	2020-12-20
201	2	2020-03-6
202	3	2020-03-6
203	4	2020-11-26
204	5	2020-03-7
205	6	2020-12-20
206	7	2020-03-7
207	8	2020-03-6
208	9	2020-12-20
209	10	2020-03-8
210	11	2020-04-25
211	12	2020-04-25
212	13	2020-11-26
213	14	2020-11-26
214	15	2020-10-26
215	16	2020-11-26
216	17	2020-10-26
217	18	2020-04-25
218	19	2020-03-8
219	20	2020-11-26
220	21	2020-01-18
221	22	2020-10-26
222	23	2020-10-26
223	24	2020-02-26
224	25	2020-03-8
225	26	2020-02-26
226	27	2020-03-7
227	28	2020-03-7
228	29	2020-04-25
229	30	2020-01-18
230	31	2020-03-6
231	32	2020-03-8
232	33	2020-02-26
233	34	2020-10-26
234	35	2020-03-8
235	36	2020-11-26
236	37	2020-03-6
237	38	2020-10-26
238	39	2020-01-18
239	40	2020-04-25
240	41	2020-02-26
241	42	2020-10-26
242	43	2020-03-8
243	44	2020-03-7
244	45	2020-11-26
245	46	2020-03-7
246	47	2020-10-26
247	48	2020-03-7
248	49	2020-01-18
249	50	2020-10-26
250	51	2020-03-6
251	52	2020-03-6
252	53	2020-01-18
253	54	2020-12-20
254	55	2020-03-8
255	56	2020-12-20
256	57	2020-03-8
257	58	2020-03-8
258	59	2020-03-7
259	60	2020-03-8
260	61	2020-12-20
261	62	2020-03-6
262	63	2020-03-6
263	64	2020-10-26
264	65	2020-03-8
265	66	2020-03-7
266	67	2020-01-18
267	68	2020-03-8
268	69	2020-02-26
269	70	2020-04-25
270	71	2020-03-8
271	72	2020-10-26
272	73	2020-03-8
273	74	2020-03-7
274	75	2020-12-20
275	76	2020-02-26
276	77	2020-03-7
277	78	2020-03-8
278	79	2020-01-18
279	80	2020-03-7
280	81	2020-01-18
281	82	2020-01-18
282	83	2020-10-26
283	84	2020-04-25
284	85	2020-11-26
285	86	2020-12-20
286	87	2020-04-25
287	88	2020-01-18
288	89	2020-02-26
289	90	2020-03-7
290	91	2020-04-25
291	92	2020-11-26
292	93	2020-10-26
293	94	2020-11-26
294	95	2020-12-20
295	96	2020-11-26
296	97	2020-10-26
297	98	2020-11-26
298	99	2020-12-20
299	100	2020-03-7
